fitness,lr0,lrf,momentum,weight_decay,warmup_epochs,warmup_momentum,box,cls,dfl,hsv_h,hsv_s,hsv_v,degrees,translate,scale,shear,perspective,flipud,fliplr,bgr,mosaic,mixup,copy_paste
0.04898,0.05,0.01,0.937,0.0005,3.0,0.8,7.5,0.5,1.5,0.015,0.7,0.4,0.0,0.1,0.5,0.0,0.0,0.0,0.5,0.0,1.0,0.0,0.0
0.1598,0.03517,0.00847,0.88841,0.00055,2.40344,0.72777,5.03701,0.39093,1.30958,0.015,0.7,0.35137,0.0,0.12725,0.5,0.0,0.0,0.0,0.4952,0.0,0.67133,0.0,0.0
0.12268,0.03517,0.00862,0.88607,0.00048,1.86345,0.72044,6.80269,0.40568,1.12306,0.01721,0.66455,0.30265,0.0,0.09574,0.56139,0.0,0.0,0.0,0.37881,0.0,0.66776,0.0,0.0
0.15772,0.03517,0.00852,0.89536,0.00071,2.13441,0.74588,4.59256,0.32793,1.33234,0.015,0.625,0.42402,0.0,0.12725,0.46877,0.0,0.0,0.0,0.41521,0.0,0.73977,0.0,0.0
